version	bytes	s3_last_modified	sha256	md5	md5_matches_s3_etag
1.1.0	7864606	Thu, 18 Feb 2021 20:20:29 GMT	c352e75da2978a70d68c861b21f70f9632e321810813768c7f9f1e569891db11	bef0916c8b5fc027163f21631f470c26	yes
1.2.0	8126750	Thu, 18 Feb 2021 20:20:29 GMT	157656db244740323c88ad6a0d1e081177360a80e839b2c632bbeec39eadfeb4	bec1d1500bc6dfc4978c3324e00df162	yes
1.2.1	8126750	Thu, 18 Feb 2021 20:20:29 GMT	e7abe9cbb9f03d80dd050b5f59155e620eea5a8468195179cc2606297b1ddd00	842f9a601ebea65580cf78638ad86bed	yes
1.4.0	7602462	Thu, 18 Feb 2021 20:20:33 GMT	9a724a218a9d348075966228d7e80265b28300dcf7675f6e653c1709c42871a2	93e1fc97bc3eb1c4180fd57dd7f58dbe	yes
1.5.0	7602462	Thu, 18 Feb 2021 20:20:33 GMT	c2347904b89fe7ea4fde387c2fda530655b3917c6121bb1942f325d78b70f798	7d323b61cd5758a2ba0709577805f869	yes
1.6.0	7602462	Thu, 18 Feb 2021 20:20:33 GMT	b4b6d5e543af4813b59e1626c51725bcdcf7d6c8850e4ca3accbb63571faa0fb	8ddd5e0c2bb14d63f6d5c5a30576480b	yes
1.6.1	7602462	Thu, 18 Feb 2021 20:20:34 GMT	4920d681e802e810ba38252387e2b9bb9b33a1a868ba3ac0dc90046c25986968	cf07df4bc28724d1e1d0ce7a8e4e84ad	yes
1.6.2	7602462	Thu, 18 Feb 2021 20:20:34 GMT	25423d4c307853194c0a636309f28a887106fb2c009051a5264391b51017d351	7c6774a7669858a11e7184d51d7c64b6	yes
1.6.4	7340318	Thu, 18 Feb 2021 20:20:35 GMT	d877fc57e29e9faf54f887ce14d224d32b1a7101c978357e3597034e5272037a	2a24b80f8f7a9e56ba0e3689d5535de4	yes
5.0.0	7078174	Thu, 18 Feb 2021 20:20:35 GMT	7974f2370bf312619b384ae2740616d94fcda3af0302f9380f47c0d48a937b31	b516de3d3f8091bce58ad12c7cdb5d73	yes
5.0.1	7340318	Wed, 30 Sep 2020 14:47:20 GMT	54a0b870b4765c4ed87fb4b60126db5a131eb7bf67cc353362b8005a85f6f100	f926d0a8a8197442bb0adbc9d626e1a4	yes
5.1.0	7602462	Fri, 20 Nov 2020 16:35:35 GMT	be50675b6fe0bed1d7424808eb626ce60fde6642b26cdba14bc12ede644f4d3b	b5148d67c8ec97d47a664ee48661284b	yes
5.1.2	7340318	Mon, 01 Feb 2021 17:35:16 GMT	fa37ea4c73f8ead5aeb14b8306a72ee59043fbde0406f86dd55d0cef931d9fc5	fb8991497c4d979ef0cb7450733790a6	yes
5.1.3	7340318	Wed, 24 Feb 2021 19:15:10 GMT	2ce87c194a31728fae37ea9410ddc587356bc4cea8580e22c674ae342280e265	8e9563c71964927fa9d11f5e3c0e1277	yes
5.2.0	7340318	Fri, 11 Dec 2020 17:36:31 GMT	93779c6cefa012063ff267ce04c721e7cfb7e9ba2b3ab54bdcc67b44f49c61bd	5f02aa4423f9de638be0e83514c6c6d5	yes
5.2.1	7340318	Tue, 16 Mar 2021 22:22:12 GMT	13c0e1e35133e678dc9e7a880fa3a202d9ffdb8c781afa298fb6936a42d94513	64667ccb9b2c647a9c3f79f87724c308	yes
5.2.2	7340318	Mon, 22 Mar 2021 14:17:02 GMT	944a32f04ac1f8db22d7c4319a576b01edbaec9cc58199d584fc1526d01ac874	80103e6d2377a9aebe8b1ca723d4e746	yes
5.2.4	7340318	Thu, 15 Apr 2021 17:59:40 GMT	9edec8be4872d7241d8f37d9145acec8ba2a3d8e6d8b3629977cd25b26e0e2d2	0506fc5c4eee2469f666af18156f2885	yes
6.1.2	8651632	Wed, 04 Aug 2021 14:07:01 GMT	188e737b521533da619910431d7f12a41c2891275db1f4192e70cf6a59203517	1b479ed5a2331c5aeb642e15e4a95af7	multipart
6.2.1	8651632	Tue, 21 Sep 2021 19:11:43 GMT	9d9300763e84ede3562c6df0ceb9ddc6f5a42a05168c5c6a0060c83d55977e23	b50a0fd1a5b6d337142ada4d6c433682	multipart
6.5.1	8651632	Mon, 16 May 2022 19:42:16 GMT	60c292d646abeb1d2f567c1a7262038fd12ad0ee19de1eabb7b28286e218c306	13e625a9c8d82d713f07f8e3e14262a3	multipart
7.1.1	8651632	Fri, 18 Nov 2022 16:45:12 GMT	9dfeecb5398af2ab63a74f24670d83a9a0341034cc298a0dc848293eac24b0fc	748e29bd23b82ca34f4fa32309d3623e	multipart
7.1.2	7865200	Wed, 18 Jan 2023 00:48:57 GMT	1b5dbb97ee142633b1f1ae22146200d0a08ee9453d341573eb636d383393136a	20026c96a0d404f8bc286ae3243706dc	yes
7.1.3	7865200	Mon, 06 Feb 2023 19:05:54 GMT	caf2bfd6947a1a34bc21b99403f8fcd4f396d69228a8ca6c9f37f7c020887c7c	eacec40d13aca0ca33eecce5e70f0ae4	yes
7.1.6	7865200	Tue, 23 May 2023 20:17:29 GMT	b7021d9f030ab7f96b41b8c40658ad5fc67e171534befa0a8be9857446511313	a418bec450434078764b50c85107c6a7	yes
8.5.2	8913776	Thu, 29 Jun 2023 17:06:30 GMT	09349ca14da64dfb6f6e86aa738c1f8c699ccbdbd5d519b771d4701c2850931b	4a75e85d3af6abccfb1945cd509bb399	multipart
9.1.0	8127344	Sat, 13 May 2023 04:25:54 GMT	4e017e1c0822f7c39084a2eb606ea305f6894e7a54aab7becef3f63c389118e3	6dc98def866ab92e4b5550dcbe0369a6	yes
9.2.0	9175920	Mon, 24 Jul 2023 14:54:05 GMT	18d6c8d6af363dbcbe05b0981d9937af6e14a07addfc71a6471e930360c75171	79330bdf393ee866700a734fde989ea3	multipart
9.2.2	9175920	Mon, 31 Jul 2023 21:04:14 GMT	2361e0940cd9f5b93dcd3842e76f1e849b5d56f25022c4b0a9391b527b3e4147	05d573a2fb9f3efee45de06a05134489	multipart
9.2.3	9175920	Tue, 29 Aug 2023 21:13:58 GMT	1497e82696b1a70fa904ea5da201f7f34773a16ef2bef90718a4ca456b4d0bef	79fec22fd5485622c3a4a43fc240db2a	multipart
9.2.4	8913776	Thu, 12 Oct 2023 21:45:45 GMT	33a09b5d6158fd120e6bcdb615b43aece17b1847568d374d1c4d644b46c0dac0	ba17556e26e597d99de6dfe9fb9fad51	multipart
9.3.1	8913776	Fri, 24 Nov 2023 14:36:35 GMT	e14c7622b505b016eabd86c9643c7c1649a70a7e001236e7ecbc0741fd48db74	b47e4c139ca6a6edb6a0106234ab7d5d	multipart
9.3.2	8913776	Sun, 03 Dec 2023 22:30:06 GMT	2086a2fb449af142f417f185c9b42ef6c05112a1724196489cb213dc71f691ff	265a910cd2440a6bded2d3edf6f09eba	multipart
9.3.3	8913776	Fri, 08 Dec 2023 20:38:09 GMT	3fba82b490b0b9a4ea04fbef5ac3d36979e21b11bfdc7c7896c79b075276c11a	5619d4c42575f9964547a0e9a3427137	multipart
9.3.4	8913776	Tue, 12 Dec 2023 16:52:43 GMT	430fce9252b454c569d2a58a34662c829c7e654886bb98a636a71a2b979339ed	3e45a2f57f8e4f0e073bf070037a0519	multipart
9.4.0	8913776	Mon, 05 Feb 2024 15:53:46 GMT	5fda469f96b8bac3c5531bd64d4665f93c78b7da83aaa41bffc1584a7994913c	769e2899da7241b43f45e1705e490053	multipart
9.4.1	8913776	Thu, 29 Feb 2024 15:12:51 GMT	6ac597c8d891e3da335fae4175b9274b4b0ca60ea533c6644d6f07c8c5e61345	56c8429c41e56217532b78008b1de650	multipart
9.4.2	8913776	Thu, 07 Mar 2024 20:36:49 GMT	7bff1f2179f2b12a29b9d52812326847533abac325c874bfac8d5b426a2723fd	39344edc495154efe19f4a55556d6e54	multipart
9.4.3	8913776	Wed, 10 Apr 2024 00:13:31 GMT	fb430ec29cfa60e2f1d427321bec35d9083f2a05960a8f5140aac60f81530b0f	627cd9c9c7e30868685c3f0cb00ac7a2	multipart
9.5.0	8913776	Wed, 08 May 2024 15:07:20 GMT	def7bba5b64e477c510394347698bfbacb0db1b92d5adfc3826fe1a0619f4305	50124f8d9f03a52c3200c6e21d33705b	multipart
9.6.3	8913776	Mon, 17 Jun 2024 11:33:17 GMT	7f4a5944392cc5db9be51a792aff2639bf289bb0f11ae30fabffb077b8619c96	54905194d10bb58206893dd40339bfa7	multipart
9.6.4	8913776	Mon, 22 Jul 2024 17:52:16 GMT	abb2486240440703671e13d25a739e8c632a92371dadf094d73016a582b731c2	ae1e73c8036c640c84d550e84d984568	multipart
9.6.5	8913776	Wed, 24 Jul 2024 12:46:41 GMT	ca98ed86f40eed5ce017e2dc1261394608784c2a62b8623bb75ecce053ae2170	d85bab3f9bcf691572518fedb06f9987	multipart
9.6.6	8913776	Wed, 14 Aug 2024 11:39:08 GMT	18d6ee73172c1c1487fa0090d6b73f4737bcab2f6d5fa693f277a6c2bb65f932	a4a875bc7aef2e064c3144cd943d8fa6	multipart
10.0.8	8913776	Tue, 07 Nov 2023 02:00:32 GMT	b0bf114a12fa7b992f81ece588ae78c5fa76bc0ab74c76fa8eb16ee16da2b446	5e89809cd1b6ca3ad33247411748d393	multipart
10.0.9	8913776	Mon, 18 Mar 2024 22:15:49 GMT	4a3c62ffb50e1b79c6dac53e60583bc69951b1e6adf3553c80ad47da67310a74	e5ac4eb6857ee8b43940500122fd6a67	multipart
10.0.10	8913776	Tue, 26 Mar 2024 20:11:32 GMT	33a5362c0c9633ad523dd86c8addf8711fae6b68886e40898648d26982e0e0b5	183ca277c5c5e5ed93588df2e1ce81fa	multipart
11.2.1	8913776	Mon, 16 Sep 2024 17:23:16 GMT	d5fab57cd933bfc7ddb3d86cd42f37d7f9346d35ef9e4ccf55bea75464fb4f6f	9d349c5c10a85a3052bdfedc08fc64ac	multipart
11.2.4	8913776	Thu, 26 Sep 2024 15:33:21 GMT	388de3991db627e6868cc827645c812b505a8821a6209d6a352ebf4761c5bcbb	f3acf6ed731afc5385cf7ceb9fe2c7c9	multipart
11.2.5	8913776	Wed, 09 Oct 2024 19:14:25 GMT	28f781acd1f10452e1b5b9a7d8fb6f9ee32feea4a6cdbb7e521f271a6ce9710d	c09f5bd3729070615e46ffcf90f8b6d1	multipart
11.3.2	8651632	Tue, 05 Nov 2024 19:19:37 GMT	5e2926d0a19d1f05bf3203660749488786432b659aa3ed63dda1faf9c9b70336	9f86ed559b3a60b144f9ecb12f291ffb	multipart
12.0.0	8913776	Sun, 10 Nov 2024 17:23:43 GMT	a8e153dc15c2c4b3205b814589eca951053161719b73aebf4ba3ab9ff5495cd5	0f6ece7dd7dd5892777ed67b243e70f5	multipart
12.0.1	8913776	Wed, 13 Nov 2024 18:04:50 GMT	8709055e15bf9a6354d2e235db302185a5dd82561e7729dc1400a196b92942ae	3fafa69056a340fc70bda8fe824c222e	multipart
12.0.3	8651632	Tue, 04 Feb 2025 17:39:38 GMT	c9029354b600b29569dd27c2d65d8257380a835868559b7a51c728da274db1ef	5aadb2033f6120c176720905ddfe71db	multipart
12.0.4	8651632	Sat, 15 Feb 2025 20:01:37 GMT	dcebf2280d36c75f3fa0ff7af2d730f76fca8eb0c23948fd47a754ad414c48b0	a60bf7fdca28e6dd7dfa5b443200d818	multipart
12.1.1	8651632	Wed, 02 Apr 2025 18:56:14 GMT	d38f7e7e597dd832838a4b9f866b0086fc055ac9269ee52d4bbec2d2594dff4a	cfd3c97e77253a196874d2a1a8c4e875	multipart
12.2.0	8913776	Fri, 13 Jun 2025 13:28:55 GMT	020d49449b8ed5b96525c077b482b77bb2305a0948f2ce755ef607826593c0ae	8d29b5b292e3109991586e942f4b8fdb	multipart
12.3.0	8913776	Wed, 23 Jul 2025 13:46:22 GMT	557c8b328b68de77dbeec46d92923ee193f548c88b36e1bedb72c12fedc95e7d	dfcc7969cd2b328c13aa42eaaf15308b	multipart
12.3.2	8913776	Tue, 09 Sep 2025 14:11:14 GMT	0319a5f4ce827d727f72fb2a62aa7c1dfeffd06f645aca29f6a3fe5c2f2430ed	d708c21269610f8b89a5bc5077b7cc95	multipart
12.3.3	8913776	Thu, 16 Oct 2025 13:53:36 GMT	c36b0afe3430f57f1b7a00063fe60fc95190c1d5b2a8342131d6ddd86b7d75d0	9c3c8c2733aa6c333fd38cb4f7e71149	multipart
12.3.4	8913776	Wed, 12 Nov 2025 01:17:01 GMT	54f09734b32dffd652b463896b34a8735acc534d3f8f72465e080299e7380c57	6c97df94c2f07aa58748254ad783fa94	multipart
12.3.6	8913776	Tue, 24 Mar 2026 13:53:11 GMT	0c048a317823ed66ec951012cb157422698c34848a81629b9581a08b2bca31b1	25a667cf64123e2fc07d57077b2b3b2e	multipart
12.4.1	8913776	Sun, 24 May 2026 14:32:01 GMT	d7ac9e6799c85b7f5c3aaea7d7b8e19dab6b5fb9915ce123190717bd384a30ae	1fa8784b4b6c372e2f9c5914352929a8	multipart
